uuid,ID,username,password,email,admin,pcn
3mJ6nPkSYyuAvj,10000000,admin,admin,123@163.com,1,
3mJ6nPkSYyuB19,10000001,csj,djj,18901671371@163.com,1,6.50013E+46
3mJ6nPkSYyuB5Z,10000002,lsj,xjj,2587632820@qq.com,,2.43229E+46
3mJ6nPkSYyuB9y,10000003,sbq,123,931717704@qq.com,,2.74501E+46
